SET Foreign_Key_Checks = 0;
DROP Database IF EXISTS LinkedIn;

CREATE Database LinkedIn;
USE LinkedIn;
SET Foreign_Key_Checks = 1;

Create Table Address (
    Address_Id INT Auto_Increment Primary Key,
    Job_Location Varchar(100),
    City Varchar(50),
    Country Varchar(100)
);

INSERT INTO Address (Address_Id, Job_Location, City, Country) VALUES
(1, 'Austin, TX', 'Austin', 'United States'),
(2, 'Lansing, MI', 'East Lansing', 'United States'),
(3, 'Tallahassee, FL', 'Tallahassee', 'United States'),
(4, 'Moundsville, WV', 'West Virginia', 'United States'),
(5, 'Houston, TX', 'Baytown', 'United States'),
(6, 'Elk Grove, IL', 'Rutland', 'United States'),
(7, 'Lawrenceburg, TN', 'Tennessee', 'United States'),
(8, 'London, England, United Kingdom', 'Greater London', 'United Kingdom'),
(9, 'Oshkosh, WI', 'Appleton', 'United States'),
(10, 'Pomona, CA', 'Fontana', 'United States'),
(11, 'Henderson, NV', 'Las Vegas', 'United States'),
(12, 'Venice, FL', 'Sarasota', 'United States'),
(13, 'DeSoto, TX', 'Arlington', 'United States'),
(14, 'Port Washington, WI', 'Milwaukee', 'United States'),
(15, 'Wheaton, IL', 'Rutland', 'United States'),
(16, 'Novi, MI', 'Oak Park', 'United States'),
(17, 'Scarsdale, NY', 'Eastchester', 'United States'),
(18, 'Newcastle upon Tyne, England, United Kingdom', 'Tyneside', 'United Kingdom'),
(19, 'Melbourne, Victoria, Australia', 'Victoria', 'Australia'),
(20, 'Boston, MA', 'Beverly', 'United States'),
(21, 'Englewood, CO', 'Aurora', 'United States'),
(22, 'St Charles, IL', 'Rutland', 'United States'),
(23, 'Cambridge, MA', 'Beverly', 'United States'),
(24, 'Bettendorf, IA', 'Iowa', 'United States'),
(25, 'Forest, VA', 'Virginia', 'United States'),
(26, 'Crown Point, IN', 'Hobart', 'United States'),
(27, 'Chesham, England, United Kingdom', 'High Wycombe', 'United Kingdom'),
(28, 'Gulfport, MS', 'Mississippi', 'United States'),
(29, 'Charlotte, NC', 'Gastonia', 'United States'),
(30, 'Hitchin, England, United Kingdom', 'Luton', 'United Kingdom');



Create Table Skills (
    Skill_Id INT Auto_Increment Primary Key,
    Skill_score INT,
    Skill TEXT
);

INSERT INTO skills (skill_id, skill, skill_score) VALUES 
(1, 'customer service', 5),
(2, 'communication', 5),
(3, 'leadership', 5),
(4, 'teamwork', 5),
(5, 'interpersonal skills', 5),
(6, 'time management', 5),
(7, 'mentoring', 5),
(8, 'conflict resolution', 5),
(9, 'training', 5),
(10, 'problemsolving', 4),
(11, 'attention to detail', 4),
(12, 'psychotherapy', 4),
(13, 'diversity and inclusion', 4),
(14, 'documentation', 4),
(15, 'professionalism', 4),
(16, 'bending', 4),
(17, 'client relationship management', 4),
(18, 'sales', 4),
(19, 'high school diploma or equivalent', 4),
(20, 'cosmetology', 4),
(21, 'microsoft office suite', 4),
(22, 'lifting', 4),
(23, 'adaptability', 4),
(24, 'retail', 4),
(25, 'communication skills', 4),
(26, 'barber license', 4),
(27, 'registered nurse', 4),
(28, 'standing', 4),
(29, 'inventory control', 4),
(30, 'cleaning', 4),
(31, 'insurance sales', 3),
(32, 'reaching', 3),
(33, 'psychology', 3),
(34, 'career advancement', 3),
(35, 'experience', 3),
(36, 'insurance licenses', 3),
(37, 'physical strength', 3),
(38, 'professional development', 3),
(39, 'registered nurse diploma', 3),
(40, 'marketing', 3),
(41, 'walking', 3),
(42, 'supervision', 3),
(43, 'multitasking', 3),
(44, 'hearing', 3),
(45, 'merchandising', 3),
(46, 'financial services industry', 3),
(47, 'employee assistance program', 3),
(48, 'flexible work schedule', 3),
(49, 'paid time off', 3),
(50, 'equal opportunity employer', 3),
(51, 'organizational skills', 3),
(52, 'reporting', 3),
(53, 'counseling', 3),
(54, 'food and beverage preparation', 3),
(55, 'microsoft office', 3),
(56, 'data analysis', 3),
(57, 'troubleshooting', 3),
(58, 'scheduling', 3),
(59, 'inventory management', 3),
(60, 'social work', 3),
(61, 'marriage and family therapy', 3),
(62, 'data management skills', 3),
(63, 'detailoriented', 2),
(64, 'pivot tables', 2),
(65, 'macros', 2),
(66, 'continuing education', 2),
(67, 'decisionmaking', 2),
(68, 'development', 2),
(69, 'flexibility', 2),
(70, 'selfmotivation', 2),
(71, 'collaboration', 2),
(72, 'sales goals', 2),
(73, 'nursing', 2),
(74, 'remote work', 2),
(75, 'worklife balance', 2),
(76, 'commissionbased earnings', 2),
(77, 'ethics', 2),
(78, 'complex formulas', 2),
(79, 'coaching', 2),
(80, 'training and support', 2),
(81, 'cosmetology license', 2),
(82, 'diversity', 2),
(83, 'cashier accountability', 2),
(84, 'customer service skills', 2),
(85, 'problem solving', 2),
(86, 'rolloff truck operation', 2),
(87, 'hazardous material handling', 2),
(88, 'gradall operation', 2),
(89, 'employee handbook', 2),
(90, 'standard operating procedures', 2),
(91, 'backhoe operation', 2),
(92, 'forklift operation', 2),
(93, 'ordering', 2),
(94, 'writing', 2),
(95, 'hazardous material processing', 2),
(96, 'heavy equipment operation', 2),
(97, 'opening and closing the store', 2),
(98, 'safety compliance', 2),
(99, 'customer service leadership', 2),
(100, 'reading', 2),
(101, 'hazwoper training', 1),
(102, 'refund authorization', 1),
(103, 'equipment operation', 1),
(104, 'override authorization', 1),
(105, 'register counting', 1),
(106, 'material handling', 1),
(107, 'bank deposits', 1),
(108, 'team member rewards', 1),
(109, 'key control', 1),
(110, 'company policies and procedures', 1),
(111, 'payment collection', 1),
(112, 'safe and secure environment', 1),
(113, 'store organization', 1),
(114, 'bailing cardboard', 1),
(115, 'planograms', 1),
(116, 'profitability', 1),
(117, 'asset protection', 1),
(118, 'customer assistance', 1),
(119, 'loss reduction', 1),
(120, 'unloading', 1),
(121, 'accident plan', 1),
(122, 'receiving', 1),
(123, 'opening and unpacking', 1),
(124, 'stocking', 1),
(125, 'rotating and facing', 1),
(126, 'planogram implementation', 1),
(127, 'drop shipment', 1),
(128, 'building displays', 1),
(129, 'trash removal', 1),
(130, 'greeting customers', 1),
(131, 'lead capacity', 1),
(132, 'emergency response', 1),
(133, 'sidewalk display setup', 1),
(134, 'store cleaning', 1),
(135, 'change making', 1),
(136, 'restocking', 1),
(137, 'bagging merchandise', 1),
(138, 'power hand tools operation', 1),
(139, 'problem resolution', 1),
(140, 'stocker', 1),
(141, 'itemizing purchases', 1),
(142, 'flatbed scanner operation', 1),
(143, 'high school diploma', 1),
(144, 'register maintenance', 1),
(145, 'g.e.d. equivalent', 1),
(146, 'cashier', 1),
(147, 'structural engineering', 1),
(148, '35 years of experience', 1),
(149, 'supplemental life insurance', 1),
(150, 'employee onboarding', 1),
(151, 'employee benefits', 1),
(152, 'powerpoint', 1),
(153, 'microsoft excel', 1),
(154, 'hris system', 1),
(155, 'employee relations', 1),
(156, 'background checks', 1),
(157, 'drug screens', 1),
(158, 'mvr checks', 1),
(159, 'new hire processing', 1),
(160, 'termination processing', 1),
(161, 'record filing', 1),
(162, 'digital records', 1),
(163, 'invoices reconciliation', 1),
(164, 'hr forms creation', 1),
(165, 'hr documents creation', 1),
(166, 'planning skills', 1),
(167, 'high integrity', 1),
(168, 'confidentiality', 1),
(169, 'tech savvy', 1),
(170, 'offboarding', 1),
(171, 'data entry', 1),
(172, 'health savings account', 1),
(173, 'employee file maintenance', 1),
(174, 'cancer care', 1),
(175, 'sql', 1),
(176, 'housekeeping', 1),
(177, 'english fluency', 1),
(178, 'cleanliness', 1),
(179, 'housekeeping software', 1),
(180, 'flexible schedule', 1),
(181, 'medical coverage', 1),
(182, 'dental', 1),
(183, 'vision', 1),
(184, 'telemedicine', 1),
(185, 'prescription medications', 1),
(186, 'pet insurance', 1),
(187, 'discounts', 1),
(188, 'tuition reimbursement', 1),
(189, 'hris data entry', 1),
(190, 'hr data management', 1),
(191, 'human resources', 1),
(192, 'excel skills', 1),
(193, 'infectious disease', 1),
(194, 'internal medicine', 1),
(195, 'teaching', 1),
(196, 'board certified or board eligible in specified area of medical specialty', 1),
(197, 'cash control procedures', 1),
(198, 'completed a us residency program', 1),
(199, 'competitive compensation package', 1),
(200, 'exceptional benefits', 1);







Create Table Job (
    Job_Link Varchar(600) Primary Key,
    Address_Id INT,
    Title Varchar(255),
    Company Varchar(255),
    Position Varchar(255),
    Job_Level Varchar(50),
    Job_Type Varchar(50),
    Foreign Key (Address_Id) References Address(Address_Id)
);

INSERT INTO job (job_link, address_id, title, company, position, job_level, job_type) VALUES 
('https://au.linkedin.com/jobs/view/senior-structural-engineer-at-building-talent-recruitment-3801026449', 
1, 'Senior Structural Engineer', 'Building Talent Recruitment', 'Structural Engineer', 'Mid senior', 'Onsite'),
('https://uk.linkedin.com/jobs/view/claims-handler-12-month-fixed-term-contract-part-time-job-share-and-full-time-at-zurich-insurance-3792623761', 
1, 'Claims Handler 12 month fixed term contract - (Part-Time, Job-Share and Full-Time)', 'Zurich Insurance', 'Handler', 'Mid senior', 'Onsite'),
('https://uk.linkedin.com/jobs/view/senior-civil-engineer-at-ice-recruit-3792979553', 
2, 'Senior Civil Engineer', 'ICE Recruit', 'Structural Engineer', 'Mid senior', 'Onsite'),
('https://uk.linkedin.com/jobs/view/sous-chef-at-butcombe-brewing-co-3795327980', 
3, 'Sous Chef', 'Butcombe Brewing Co.', 'Sous Chef', 'Mid senior', 'Onsite'),
('https://uk.linkedin.com/jobs/view/store-manager-westfield-shepherds-bush-at-dermalogica-uk-3744356222', 
3, 'Store Manager - Westfield, Shepherds Bush', 'Dermalogica UK', 'Head Coach', 'Mid senior', 'Onsite'),
('https://www.linkedin.com/jobs/view/2nd-shift-facilities-manager-at-city-wide-facility-solutions-3590340178', 4, '2nd Shift Facilities Manager', 'City Wide Facility Solutions', 'Range Manager', 'Mid senior', 'Onsite'),
('https://www.linkedin.com/jobs/view/10639-store-manager-at-sally-beauty-3789752460', 4, '10639 Store Manager', 'Sally Beauty', 'Head Coach', 'Mid senior', 'Onsite'),
('https://www.linkedin.com/jobs/view/chs-football-head-coach-2024-25-season-at-trulyhired-3749908863', 5, 'CHS Football Head Coach (2024-25 Season)', 'TrulyHired', 'Head Coach', 'Mid senior', 'Onsite'),
('https://www.linkedin.com/jobs/view/banquet-captain-at-driftwood-hospitality-management-3797127123', 5, 'Banquet Captain', 'Driftwood Hospitality Management', 'Handler', 'Mid senior', 'Onsite'),
('https://www.linkedin.com/jobs/view/bus-attendant-at-cipriani-3797279888', 5, 'Bus Attendant', 'Cipriani', 'Handler', 'Mid senior', 'Onsite'),
('https://www.linkedin.com/jobs/view/clinical-nurse-coordinator-oncology-at-wesley-healthcare-3799539522', 6, 'Clinical Nurse Coordinator Oncology', 'Wesley Healthcare', 'Retirement Officer', 'Mid senior', 'Onsite'),
('https://www.linkedin.com/jobs/view/clinical-nurse-coordinator-rn-pedi-cvicu-at-methodist-healthcare-system-3763156790', 7, 'Clinical Nurse Coordinator RN Pedi CVICU', 'Methodist Healthcare System', 'Retirement Officer', 'Mid senior', 'Onsite'),
('https://www.linkedin.com/jobs/view/estimator-at-terra-3775544949', 8, 'Estimator', 'Terra', 'Vendor', 'Associate', 'Onsite'),
('https://www.linkedin.com/jobs/view/co-manager-at-racetrac-3201379945', 8, 'Co Manager', 'RaceTrac', 'Handler', 'Mid senior', 'Onsite'),
('https://www.linkedin.com/jobs/view/coffee-break-attendant-part-time-at-q-center-3735632685', 8, 'Coffee Break Attendant - Part Time', 'Q Center', 'Handler', 'Mid senior', 'Onsite'),
('https://www.linkedin.com/jobs/view/financial-advisor-at-cetera-investors-3799328346', 9, 'Financial Advisor', 'Cetera Investors', 'Retirement Officer', 'Associate', 'Onsite'),
('https://www.linkedin.com/jobs/view/foodservice-distributor-sales-development-manager-at-pepsico-3802330948', 9, 'Foodservice Distributor Sales Development Manager', 'PepsiCo', 'Retirement Officer', 'Mid senior', 'Onsite'),
('https://www.linkedin.com/jobs/view/fisheries-business-class-lead-%E2%80%93-fisheries-facilities-design-at-hdr-3690885764', 9, 'Fisheries Business Class Lead – Fisheries Facilities Design', 'HDR', 'Recreation-Facility Attendant', 'Mid senior', 'Onsite'),
('https://www.linkedin.com/jobs/view/fellowship-trained-radiologist-at-radnet-3638556288', 9, 'Fellowship Trained Radiologist', 'RadNet', 'Radiologist', 'Mid senior', 'Onsite'),
('https://www.linkedin.com/jobs/view/forensic-psychologist-clinical-faculty-harris-county-psychiatric-center-hcpc-and-dunn-behavioral-sciences-center-bsc-at-the-university-of-texas-health-science-center-at-houston-uthealth-houston-3758371657', 10, 'Forensic Psychologist (Clinical Faculty) - Harris County Psychiatric Center (HCPC) and Dunn Behavioral Sciences Center (BSC)', 'The University of Texas Health Science Center at Houston (UTHealth Houston)', 'Psychologist Educational', 'Mid senior', 'Onsite'),
('https://www.linkedin.com/jobs/view/general-manager-at-extract-juicery-3799189684', 11, 'General Manager', 'Extract Juicery', 'Handler', 'Mid senior', 'Onsite'),
('https://www.linkedin.com/jobs/view/global-eh-s-manager-at-cushman-wakefield-3671481592', 12, 'Global EH&S Manager', 'Cushman & Wakefield', 'Safety Manager', 'Mid senior', 'Onsite'),
('https://www.linkedin.com/jobs/view/girls-lacrosse-head-coach-at-thompson-school-district-3711673007', 12, 'Girls Lacrosse Head Coach', 'Thompson School District', 'Head Coach', 'Mid senior', 'Onsite'),
('https://www.linkedin.com/jobs/view/hair-stylist-bett-plex-at-jobs-for-humanity-3792042496', 13, 'Hair Stylist - Bett Plex', 'Jobs for Humanity', 'Hair Stylist', 'Mid senior', 'Onsite'),
('https://www.linkedin.com/jobs/view/hair-stylist-calumet-center-at-jobs-for-humanity-3792897432', 14, 'Hair Stylist - Calumet Center', 'Jobs for Humanity', 'Hair Stylist', 'Mid senior', 'Onsite'),
('https://www.linkedin.com/jobs/view/hair-stylist-crown-point-beacon-hill-at-jobs-for-humanity-3792898359', 15, 'Hair Stylist - Crown Point Beacon Hill', 'Jobs for Humanity', 'Hair Stylist', 'Mid senior', 'Onsite'),
('https://www.linkedin.com/jobs/view/hair-stylist-graves-mill-at-jobs-for-humanity-3790170079', 16, 'Hair Stylist - Graves Mill', 'Jobs for Humanity', 'Hair Stylist', 'Mid senior', 'Onsite'),
('https://www.linkedin.com/jobs/view/hair-stylist-lawrenceburg-commons-at-jobs-for-humanity-3786311509', 17, 'Hair Stylist - Lawrenceburg Commons', 'Jobs for Humanity', 'Hair Stylist', 'Mid senior', 'Onsite'),
('https://www.linkedin.com/jobs/view/home-health-registered-nurse-at-bluebird-staffing-3798574756', 18, 'Home Health Registered Nurse', 'Bluebird Staffing', 'River', 'Mid senior', 'Onsite'),
('https://www.linkedin.com/jobs/view/hospital-medicine-physician-at-practicelink-3757514001', 18, 'Hospital Medicine Physician', 'PracticeLink', 'River', 'Mid senior', 'Onsite'),
('https://www.linkedin.com/jobs/view/housekeeping-supervisor-at-davidson-hospitality-group-3805585512', 19, 'Housekeeping Supervisor', 'Davidson Hospitality Group', 'Supervisor Cleaning', 'Mid senior', 'Onsite'),
('https://www.linkedin.com/jobs/view/hr-administrator-%2452k-%2457k-1%2B-yrs-hris-data-entry-exp-req-at-%23twiceasnice-recruiting-3788998293', 19, 'HR Administrator ($52K-$57K, 1+ yrs. HRIS data entry exp. req.)', '#twiceasnice Recruiting', 'Starter', 'Associate', 'Onsite'),
('https://www.linkedin.com/jobs/view/infectious-disease-opportunity-with-new-academic-facility-in-el-paso-texas%21-at-practicelink-3797101619', 19, 'Infectious Disease Opportunity with New Academic Facility in El Paso, Texas!', 'PracticeLink', 'Recreation-Facility Attendant', 'Mid senior', 'Onsite'),
('https://www.linkedin.com/jobs/view/hybrid-role-in-nc-etl-tester-exp-7%2B-at-tekintegral-3766331235', 19, 'Hybrid role in NC :: ETL Tester :: Exp\'7+', 'TekIntegral', 'Quality Assurance Analyst', 'Mid senior', 'Onsite'),
('https://www.linkedin.com/jobs/view/internal-medicine-physician-crown-point-indiana-at-uchicago-medicine-3724656578', 20, 'Internal Medicine Physician, Crown Point, Indiana', 'UChicago Medicine', 'Radiologist', 'Mid senior', 'Onsite'),
('https://www.linkedin.com/jobs/view/kitchen-manager-at-coen-markets-3765052070', 21, 'Kitchen Manager', 'Coen Markets', 'Kitchen Supervisor', 'Mid senior', 'Onsite'),
('https://www.linkedin.com/jobs/view/lead-material-handler-at-veolia-north-america-3781647615', 21, 'Lead Material Handler', 'Veolia North America', 'Handler', 'Mid senior', 'Onsite'),
('https://www.linkedin.com/jobs/view/lead-sales-associate-pt-at-dollar-general-3683446939', 24, 'LEAD SALES ASSOCIATE-PT', 'Dollar General', 'Sales Attendant', 'Mid senior', 'Onsite'),
('https://www.linkedin.com/jobs/view/lead-software-engineer-quality-assurance-at-clickjobs-io-3805584901', 25, 'Lead Software Engineer - Quality Assurance', 'ClickJobs.io', 'Quality Assurance Analyst', 'Mid senior', 'Onsite'),
('https://www.linkedin.com/jobs/view/leasing-professional-el-paso-texas-at-tam-residential-3782095107', 26, 'Leasing Professional- El Paso, Texas', 'TAM Residential', 'Stand-In', 'Mid senior', 'Onsite'),
('https://www.linkedin.com/jobs/view/licensed-behavioral-health-counselor-lcsw-lpc-lmft-tcp-gulfton-at-texas-children-s-hospital-3797369906', 26, 'Licensed Behavioral Health Counselor (LCSW/LPC/LMFT) - TCP Gulfton', 'Texas Children\'s Hospital', 'Psychologist Counseling', 'Mid senior', 'Onsite'),
('https://www.linkedin.com/jobs/view/licensed-marriage-and-family-therapist-at-gotham-enterprises-ltd-3791143010', 27, 'Licensed Marriage and Family Therapist', 'Gotham Enterprises Ltd', 'Psychologist School', 'Mid senior', 'Onsite'),
('https://www.linkedin.com/jobs/view/licensed-marriage-and-family-therapist-lmft-at-gotham-enterprises-ltd-3766223012', 28, 'Licensed Marriage and Family Therapist (LMFT)', 'Gotham Enterprises Ltd', 'Psychologist School', 'Mid senior', 'Onsite'),
('https://www.linkedin.com/jobs/view/licensed-mental-health-counselor-at-gotham-enterprises-ltd-3766221374', 28, 'LICENSED MENTAL HEALTH COUNSELOR', 'Gotham Enterprises Ltd', 'Psychologist Counseling', 'Mid senior', 'Onsite'),
('https://www.linkedin.com/jobs/view/marketing-analyst-at-green-power-energy-3803242117', 29, 'Marketing Analyst', 'Green Power Energy', 'Vendor', 'Mid senior', 'Onsite'),
('https://www.linkedin.com/jobs/view/national-sales-manager-at-unitrust-financial-group-3797065469', 29, 'National Sales Manager', 'UniTrust Financial Group', 'Sales Agent Insurance', 'Mid senior', 'Onsite'),
('https://www.linkedin.com/jobs/view/national-sales-manager-at-unitrust-financial-group-3797071625', 30, 'National Sales Manager', 'UniTrust Financial Group', 'Sales Agent Insurance', 'Mid senior', 'Onsite'),
('https://www.linkedin.com/jobs/view/national-sales-manager-at-unitrust-financial-group-3797081290', 30, 'National Sales Manager', 'UniTrust Financial Group', 'Sales Agent Insurance', 'Mid senior', 'Onsite');




Create Table Job_Skill (
	Job_skill_id INT Auto_Increment Primary Key,
    Job_Link Varchar(600),
    Skill_Id INT,
    Foreign Key (Job_Link) References Job(Job_Link),
    Foreign Key (Skill_Id) References Skills(Skill_Id)
);

INSERT INTO job_skill (Job_Link, Skill_Id) VALUES
('https://uk.linkedin.com/jobs/view/claims-handler-12-month-fixed-term-contract-part-time-job-share-and-full-time-at-zurich-insurance-3792623761', 1),
('https://uk.linkedin.com/jobs/view/store-manager-westfield-shepherds-bush-at-dermalogica-uk-3744356222', 1),
('https://www.linkedin.com/jobs/view/10639-store-manager-at-sally-beauty-3789752460', 1),
('https://www.linkedin.com/jobs/view/banquet-captain-at-driftwood-hospitality-management-3797127123', 1),
('https://www.linkedin.com/jobs/view/bus-attendant-at-cipriani-3797279888', 1),
('https://www.linkedin.com/jobs/view/co-manager-at-racetrac-3201379945', 1),
('https://www.linkedin.com/jobs/view/coffee-break-attendant-part-time-at-q-center-3735632685', 1),
('https://www.linkedin.com/jobs/view/general-manager-at-extract-juicery-3799189684', 1),
('https://www.linkedin.com/jobs/view/hair-stylist-calumet-center-at-jobs-for-humanity-3792897432', 1),
('https://www.linkedin.com/jobs/view/hair-stylist-crown-point-beacon-hill-at-jobs-for-humanity-3792898359', 1),
('https://www.linkedin.com/jobs/view/hair-stylist-graves-mill-at-jobs-for-humanity-3790170079', 1),
('https://www.linkedin.com/jobs/view/kitchen-manager-at-coen-markets-3765052070', 1),
('https://www.linkedin.com/jobs/view/lead-sales-associate-pt-at-dollar-general-3683446939', 1),
('https://www.linkedin.com/jobs/view/national-sales-manager-at-unitrust-financial-group-3797065469', 1),
('https://www.linkedin.com/jobs/view/national-sales-manager-at-unitrust-financial-group-3797071625', 1),
('https://www.linkedin.com/jobs/view/national-sales-manager-at-unitrust-financial-group-3797081290', 1),
('https://uk.linkedin.com/jobs/view/senior-civil-engineer-at-ice-recruit-3792979553', 2),
('https://www.linkedin.com/jobs/view/2nd-shift-facilities-manager-at-city-wide-facility-solutions-3590340178', 2),
('https://www.linkedin.com/jobs/view/banquet-captain-at-driftwood-hospitality-management-3797127123', 2),
('https://www.linkedin.com/jobs/view/bus-attendant-at-cipriani-3797279888', 2),
('https://www.linkedin.com/jobs/view/clinical-nurse-coordinator-rn-pedi-cvicu-at-methodist-healthcare-system-3763156790', 2),
('https://www.linkedin.com/jobs/view/estimator-at-terra-3775544949', 2),
('https://www.linkedin.com/jobs/view/general-manager-at-extract-juicery-3799189684', 2),
('https://www.linkedin.com/jobs/view/hair-stylist-calumet-center-at-jobs-for-humanity-3792897432', 2),
('https://www.linkedin.com/jobs/view/housekeeping-supervisor-at-davidson-hospitality-group-3805585512', 2),
('https://www.linkedin.com/jobs/view/lead-material-handler-at-veolia-north-america-3781647615', 2),
('https://www.linkedin.com/jobs/view/licensed-marriage-and-family-therapist-at-gotham-enterprises-ltd-3791143010', 2),
('https://www.linkedin.com/jobs/view/licensed-marriage-and-family-therapist-lmft-at-gotham-enterprises-ltd-3766223012', 2),
('https://au.linkedin.com/jobs/view/senior-structural-engineer-at-building-talent-recruitment-3801026449', 3),
('https://au.linkedin.com/jobs/view/senior-structural-engineer-at-building-talent-recruitment-3801026449', 3),
('https://uk.linkedin.com/jobs/view/senior-civil-engineer-at-ice-recruit-3792979553', 3),
('https://www.linkedin.com/jobs/view/10639-store-manager-at-sally-beauty-3789752460', 3),
('https://www.linkedin.com/jobs/view/clinical-nurse-coordinator-rn-pedi-cvicu-at-methodist-healthcare-system-3763156790', 3),
('https://www.linkedin.com/jobs/view/co-manager-at-racetrac-3201379945', 3),
('https://www.linkedin.com/jobs/view/general-manager-at-extract-juicery-3799189684', 3),
('https://www.linkedin.com/jobs/view/hair-stylist-calumet-center-at-jobs-for-humanity-3792897432', 3),
('https://www.linkedin.com/jobs/view/housekeeping-supervisor-at-davidson-hospitality-group-3805585512', 3),
('https://www.linkedin.com/jobs/view/kitchen-manager-at-coen-markets-3765052070', 3),
('https://www.linkedin.com/jobs/view/lead-material-handler-at-veolia-north-america-3781647615', 3),
('https://www.linkedin.com/jobs/view/banquet-captain-at-driftwood-hospitality-management-3797127123', 4),
('https://www.linkedin.com/jobs/view/bus-attendant-at-cipriani-3797279888', 4),
('https://www.linkedin.com/jobs/view/clinical-nurse-coordinator-oncology-at-wesley-healthcare-3799539522', 4),
('https://www.linkedin.com/jobs/view/clinical-nurse-coordinator-rn-pedi-cvicu-at-methodist-healthcare-system-3763156790', 4),
('https://www.linkedin.com/jobs/view/co-manager-at-racetrac-3201379945', 4),
('https://www.linkedin.com/jobs/view/general-manager-at-extract-juicery-3799189684', 4),
('https://www.linkedin.com/jobs/view/hair-stylist-calumet-center-at-jobs-for-humanity-3792897432', 4),
('https://www.linkedin.com/jobs/view/lead-material-handler-at-veolia-north-america-3781647615', 4),
('https://www.linkedin.com/jobs/view/lead-sales-associate-pt-at-dollar-general-3683446939', 4),
('https://www.linkedin.com/jobs/view/licensed-marriage-and-family-therapist-at-gotham-enterprises-ltd-3791143010', 4),
('https://www.linkedin.com/jobs/view/2nd-shift-facilities-manager-at-city-wide-facility-solutions-3590340178', 5),
('https://www.linkedin.com/jobs/view/bus-attendant-at-cipriani-3797279888', 5),
('https://www.linkedin.com/jobs/view/financial-advisor-at-cetera-investors-3799328346', 5),
('https://www.linkedin.com/jobs/view/hair-stylist-lawrenceburg-commons-at-jobs-for-humanity-3786311509', 5),
('https://www.linkedin.com/jobs/view/housekeeping-supervisor-at-davidson-hospitality-group-3805585512', 5),
('https://www.linkedin.com/jobs/view/lead-sales-associate-pt-at-dollar-general-3683446939', 5),
('https://www.linkedin.com/jobs/view/leasing-professional-el-paso-texas-at-tam-residential-3782095107', 5),
('https://www.linkedin.com/jobs/view/licensed-mental-health-counselor-at-gotham-enterprises-ltd-3766221374', 5),
('https://www.linkedin.com/jobs/view/2nd-shift-facilities-manager-at-city-wide-facility-solutions-3590340178', 6),
('https://www.linkedin.com/jobs/view/clinical-nurse-coordinator-rn-pedi-cvicu-at-methodist-healthcare-system-3763156790', 6),
('https://www.linkedin.com/jobs/view/financial-advisor-at-cetera-investors-3799328346', 6),
('https://www.linkedin.com/jobs/view/general-manager-at-extract-juicery-3799189684', 6),
('https://www.linkedin.com/jobs/view/hair-stylist-graves-mill-at-jobs-for-humanity-3790170079', 6),
('https://www.linkedin.com/jobs/view/housekeeping-supervisor-at-davidson-hospitality-group-3805585512', 6),
('https://www.linkedin.com/jobs/view/licensed-marriage-and-family-therapist-at-gotham-enterprises-ltd-3791143010', 6),
('https://www.linkedin.com/jobs/view/national-sales-manager-at-unitrust-financial-group-3797071625', 6),
('https://au.linkedin.com/jobs/view/senior-structural-engineer-at-building-talent-recruitment-3801026449', 7),
('https://uk.linkedin.com/jobs/view/senior-civil-engineer-at-ice-recruit-3792979553', 7),
('https://uk.linkedin.com/jobs/view/store-manager-westfield-shepherds-bush-at-dermalogica-uk-3744356222', 7),
('https://www.linkedin.com/jobs/view/co-manager-at-racetrac-3201379945', 7),
('https://www.linkedin.com/jobs/view/lead-material-handler-at-veolia-north-america-3781647615', 7),
('https://www.linkedin.com/jobs/view/clinical-nurse-coordinator-oncology-at-wesley-healthcare-3799539522', 8),
('https://www.linkedin.com/jobs/view/clinical-nurse-coordinator-rn-pedi-cvicu-at-methodist-healthcare-system-3763156790', 8),
('https://www.linkedin.com/jobs/view/clinical-nurse-coordinator-rn-pedi-cvicu-at-methodist-healthcare-system-3763156790', 8),
('https://www.linkedin.com/jobs/view/general-manager-at-extract-juicery-3799189684', 8),
('https://www.linkedin.com/jobs/view/licensed-marriage-and-family-therapist-at-gotham-enterprises-ltd-3791143010', 8),
('https://uk.linkedin.com/jobs/view/store-manager-westfield-shepherds-bush-at-dermalogica-uk-3744356222', 9),
('https://www.linkedin.com/jobs/view/clinical-nurse-coordinator-oncology-at-wesley-healthcare-3799539522', 9),
('https://www.linkedin.com/jobs/view/co-manager-at-racetrac-3201379945', 9),
('https://www.linkedin.com/jobs/view/kitchen-manager-at-coen-markets-3765052070', 9),
('https://www.linkedin.com/jobs/view/lead-material-handler-at-veolia-north-america-3781647615', 9),
('https://www.linkedin.com/jobs/view/2nd-shift-facilities-manager-at-city-wide-facility-solutions-3590340178', 10),
('https://www.linkedin.com/jobs/view/bus-attendant-at-cipriani-3797279888', 10),
('https://www.linkedin.com/jobs/view/clinical-nurse-coordinator-rn-pedi-cvicu-at-methodist-healthcare-system-3763156790', 10),
('https://www.linkedin.com/jobs/view/clinical-nurse-coordinator-rn-pedi-cvicu-at-methodist-healthcare-system-3763156790', 10),
('https://www.linkedin.com/jobs/view/general-manager-at-extract-juicery-3799189684', 10),
('https://www.linkedin.com/jobs/view/2nd-shift-facilities-manager-at-city-wide-facility-solutions-3590340178', 11),
('https://www.linkedin.com/jobs/view/bus-attendant-at-cipriani-3797279888', 11),
('https://www.linkedin.com/jobs/view/hair-stylist-lawrenceburg-commons-at-jobs-for-humanity-3786311509', 11),
('https://www.linkedin.com/jobs/view/housekeeping-supervisor-at-davidson-hospitality-group-3805585512', 11),
('https://www.linkedin.com/jobs/view/licensed-behavioral-health-counselor-lcsw-lpc-lmft-tcp-gulfton-at-texas-children-s-hospital-3797369906', 12),
('https://www.linkedin.com/jobs/view/licensed-behavioral-health-counselor-lcsw-lpc-lmft-tcp-gulfton-at-texas-children-s-hospital-3797369906', 12),
('https://www.linkedin.com/jobs/view/licensed-marriage-and-family-therapist-lmft-at-gotham-enterprises-ltd-3766223012', 12),
('https://www.linkedin.com/jobs/view/licensed-mental-health-counselor-at-gotham-enterprises-ltd-3766221374', 12),
('https://www.linkedin.com/jobs/view/banquet-captain-at-driftwood-hospitality-management-3797127123', 13),
('https://www.linkedin.com/jobs/view/hair-stylist-calumet-center-at-jobs-for-humanity-3792897432', 13),
('https://www.linkedin.com/jobs/view/national-sales-manager-at-unitrust-financial-group-3797065469', 13),
('https://www.linkedin.com/jobs/view/national-sales-manager-at-unitrust-financial-group-3797081290', 13),
('https://www.linkedin.com/jobs/view/lead-material-handler-at-veolia-north-america-3781647615', 14),
('https://www.linkedin.com/jobs/view/lead-sales-associate-pt-at-dollar-general-3683446939', 14),
('https://www.linkedin.com/jobs/view/licensed-marriage-and-family-therapist-at-gotham-enterprises-ltd-3791143010', 14),
('https://www.linkedin.com/jobs/view/licensed-marriage-and-family-therapist-lmft-at-gotham-enterprises-ltd-3766223012', 14),
('https://www.linkedin.com/jobs/view/clinical-nurse-coordinator-rn-pedi-cvicu-at-methodist-healthcare-system-3763156790', 15),
('https://www.linkedin.com/jobs/view/hair-stylist-calumet-center-at-jobs-for-humanity-3792897432', 15),
('https://www.linkedin.com/jobs/view/hair-stylist-graves-mill-at-jobs-for-humanity-3790170079', 15),
('https://www.linkedin.com/jobs/view/hr-administrator-%2452k-%2457k-1%2B-yrs-hris-data-entry-exp-req-at-%23twiceasnice-recruiting-3788998293', 15),
('https://www.linkedin.com/jobs/view/10639-store-manager-at-sally-beauty-3789752460', 16),
('https://www.linkedin.com/jobs/view/banquet-captain-at-driftwood-hospitality-management-3797127123', 16),
('https://www.linkedin.com/jobs/view/bus-attendant-at-cipriani-3797279888', 16),
('https://www.linkedin.com/jobs/view/kitchen-manager-at-coen-markets-3765052070', 16),
('https://www.linkedin.com/jobs/view/licensed-marriage-and-family-therapist-at-gotham-enterprises-ltd-3791143010', 17),
('https://www.linkedin.com/jobs/view/national-sales-manager-at-unitrust-financial-group-3797065469', 17),
('https://www.linkedin.com/jobs/view/national-sales-manager-at-unitrust-financial-group-3797071625', 17),
('https://www.linkedin.com/jobs/view/national-sales-manager-at-unitrust-financial-group-3797081290', 17),
('https://www.linkedin.com/jobs/view/co-manager-at-racetrac-3201379945', 18),
('https://www.linkedin.com/jobs/view/foodservice-distributor-sales-development-manager-at-pepsico-3802330948', 18),
('https://www.linkedin.com/jobs/view/national-sales-manager-at-unitrust-financial-group-3797071625', 18),
('https://www.linkedin.com/jobs/view/2nd-shift-facilities-manager-at-city-wide-facility-solutions-3590340178', 19),
('https://www.linkedin.com/jobs/view/coffee-break-attendant-part-time-at-q-center-3735632685', 19),
('https://www.linkedin.com/jobs/view/lead-sales-associate-pt-at-dollar-general-3683446939', 19),
('https://www.linkedin.com/jobs/view/10639-store-manager-at-sally-beauty-3789752460', 20),
('https://www.linkedin.com/jobs/view/hair-stylist-calumet-center-at-jobs-for-humanity-3792897432', 20),
('https://www.linkedin.com/jobs/view/hair-stylist-graves-mill-at-jobs-for-humanity-3790170079', 20),
('https://www.linkedin.com/jobs/view/co-manager-at-racetrac-3201379945', 21),
('https://www.linkedin.com/jobs/view/general-manager-at-extract-juicery-3799189684', 21),
('https://www.linkedin.com/jobs/view/global-eh-s-manager-at-cushman-wakefield-3671481592', 21),
('https://www.linkedin.com/jobs/view/10639-store-manager-at-sally-beauty-3789752460', 22),
('https://www.linkedin.com/jobs/view/banquet-captain-at-driftwood-hospitality-management-3797127123', 22),
('https://www.linkedin.com/jobs/view/kitchen-manager-at-coen-markets-3765052070', 22),
('https://www.linkedin.com/jobs/view/clinical-nurse-coordinator-rn-pedi-cvicu-at-methodist-healthcare-system-3763156790', 23),
('https://www.linkedin.com/jobs/view/general-manager-at-extract-juicery-3799189684', 23),
('https://www.linkedin.com/jobs/view/hair-stylist-graves-mill-at-jobs-for-humanity-3790170079', 23),
('https://uk.linkedin.com/jobs/view/senior-civil-engineer-at-ice-recruit-3792979553', 24),
('https://uk.linkedin.com/jobs/view/store-manager-westfield-shepherds-bush-at-dermalogica-uk-3744356222', 24),
('https://www.linkedin.com/jobs/view/10639-store-manager-at-sally-beauty-3789752460', 24),
('https://uk.linkedin.com/jobs/view/claims-handler-12-month-fixed-term-contract-part-time-job-share-and-full-time-at-zurich-insurance-3792623761', 25),
('https://www.linkedin.com/jobs/view/hair-stylist-graves-mill-at-jobs-for-humanity-3790170079', 25),
('https://www.linkedin.com/jobs/view/leasing-professional-el-paso-texas-at-tam-residential-3782095107', 25),
('https://www.linkedin.com/jobs/view/hair-stylist-calumet-center-at-jobs-for-humanity-3792897432', 26),
('https://www.linkedin.com/jobs/view/hair-stylist-graves-mill-at-jobs-for-humanity-3790170079', 26),
('https://www.linkedin.com/jobs/view/hair-stylist-lawrenceburg-commons-at-jobs-for-humanity-3786311509', 26),
('https://www.linkedin.com/jobs/view/clinical-nurse-coordinator-oncology-at-wesley-healthcare-3799539522', 27),
('https://www.linkedin.com/jobs/view/clinical-nurse-coordinator-rn-pedi-cvicu-at-methodist-healthcare-system-3763156790', 27),
('https://www.linkedin.com/jobs/view/home-health-registered-nurse-at-bluebird-staffing-3798574756', 27),
('https://www.linkedin.com/jobs/view/10639-store-manager-at-sally-beauty-3789752460', 28),
('https://www.linkedin.com/jobs/view/banquet-captain-at-driftwood-hospitality-management-3797127123', 28),
('https://www.linkedin.com/jobs/view/kitchen-manager-at-coen-markets-3765052070', 28),
('https://www.linkedin.com/jobs/view/clinical-nurse-coordinator-oncology-at-wesley-healthcare-3799539522', 29),
('https://www.linkedin.com/jobs/view/co-manager-at-racetrac-3201379945', 29),
('https://www.linkedin.com/jobs/view/kitchen-manager-at-coen-markets-3765052070', 29),
('https://www.linkedin.com/jobs/view/bus-attendant-at-cipriani-3797279888', 30),
('https://www.linkedin.com/jobs/view/housekeeping-supervisor-at-davidson-hospitality-group-3805585512', 30),
('https://www.linkedin.com/jobs/view/lead-sales-associate-pt-at-dollar-general-3683446939', 30),
('https://www.linkedin.com/jobs/view/national-sales-manager-at-unitrust-financial-group-3797065469', 31),
('https://www.linkedin.com/jobs/view/national-sales-manager-at-unitrust-financial-group-3797071625', 31),
('https://www.linkedin.com/jobs/view/national-sales-manager-at-unitrust-financial-group-3797081290', 31),
('https://www.linkedin.com/jobs/view/10639-store-manager-at-sally-beauty-3789752460', 32),
('https://www.linkedin.com/jobs/view/banquet-captain-at-driftwood-hospitality-management-3797127123', 32),
('https://www.linkedin.com/jobs/view/kitchen-manager-at-coen-markets-3765052070', 32),
('https://www.linkedin.com/jobs/view/licensed-behavioral-health-counselor-lcsw-lpc-lmft-tcp-gulfton-at-texas-children-s-hospital-3797369906', 33),
('https://www.linkedin.com/jobs/view/licensed-marriage-and-family-therapist-at-gotham-enterprises-ltd-3791143010', 33),
('https://www.linkedin.com/jobs/view/licensed-mental-health-counselor-at-gotham-enterprises-ltd-3766221374', 33),
('https://www.linkedin.com/jobs/view/national-sales-manager-at-unitrust-financial-group-3797065469', 34),
('https://www.linkedin.com/jobs/view/national-sales-manager-at-unitrust-financial-group-3797071625', 34),
('https://www.linkedin.com/jobs/view/national-sales-manager-at-unitrust-financial-group-3797081290', 34),
('https://au.linkedin.com/jobs/view/senior-structural-engineer-at-building-talent-recruitment-3801026449', 35),
('https://www.linkedin.com/jobs/view/licensed-marriage-and-family-therapist-at-gotham-enterprises-ltd-3791143010', 35),
('https://www.linkedin.com/jobs/view/licensed-mental-health-counselor-at-gotham-enterprises-ltd-3766221374', 35),
('https://www.linkedin.com/jobs/view/national-sales-manager-at-unitrust-financial-group-3797065469', 36),
('https://www.linkedin.com/jobs/view/national-sales-manager-at-unitrust-financial-group-3797071625', 36),
('https://www.linkedin.com/jobs/view/national-sales-manager-at-unitrust-financial-group-3797081290', 36),
('https://www.linkedin.com/jobs/view/banquet-captain-at-driftwood-hospitality-management-3797127123', 37),
('https://www.linkedin.com/jobs/view/bus-attendant-at-cipriani-3797279888', 37),
('https://www.linkedin.com/jobs/view/licensed-behavioral-health-counselor-lcsw-lpc-lmft-tcp-gulfton-at-texas-children-s-hospital-3797369906', 38),
('https://www.linkedin.com/jobs/view/licensed-marriage-and-family-therapist-lmft-at-gotham-enterprises-ltd-3766223012', 38),
('https://www.linkedin.com/jobs/view/clinical-nurse-coordinator-oncology-at-wesley-healthcare-3799539522', 39),
('https://www.linkedin.com/jobs/view/clinical-nurse-coordinator-rn-pedi-cvicu-at-methodist-healthcare-system-3763156790', 39),
('https://www.linkedin.com/jobs/view/kitchen-manager-at-coen-markets-3765052070', 40),
('https://www.linkedin.com/jobs/view/licensed-marriage-and-family-therapist-lmft-at-gotham-enterprises-ltd-3766223012', 40),
('https://www.linkedin.com/jobs/view/10639-store-manager-at-sally-beauty-3789752460', 41),
('https://www.linkedin.com/jobs/view/banquet-captain-at-driftwood-hospitality-management-3797127123', 41),
('https://www.linkedin.com/jobs/view/kitchen-manager-at-coen-markets-3765052070', 42),
('https://www.linkedin.com/jobs/view/licensed-marriage-and-family-therapist-lmft-at-gotham-enterprises-ltd-3766223012', 42),
('https://www.linkedin.com/jobs/view/general-manager-at-extract-juicery-3799189684', 43),
('https://www.linkedin.com/jobs/view/kitchen-manager-at-coen-markets-3765052070', 43),
('https://www.linkedin.com/jobs/view/banquet-captain-at-driftwood-hospitality-management-3797127123', 44),
('https://www.linkedin.com/jobs/view/bus-attendant-at-cipriani-3797279888', 44),
('https://uk.linkedin.com/jobs/view/store-manager-westfield-shepherds-bush-at-dermalogica-uk-3744356222', 45),
('https://www.linkedin.com/jobs/view/kitchen-manager-at-coen-markets-3765052070', 45),
('https://www.linkedin.com/jobs/view/financial-advisor-at-cetera-investors-3799328346', 46),
('https://www.linkedin.com/jobs/view/lead-software-engineer-quality-assurance-at-clickjobs-io-3805584901', 46),
('https://www.linkedin.com/jobs/view/banquet-captain-at-driftwood-hospitality-management-3797127123', 47),
('https://www.linkedin.com/jobs/view/kitchen-manager-at-coen-markets-3765052070', 47),
('https://www.linkedin.com/jobs/view/licensed-marriage-and-family-therapist-lmft-at-gotham-enterprises-ltd-3766223012', 48),
('https://www.linkedin.com/jobs/view/national-sales-manager-at-unitrust-financial-group-3797081290', 48),
('https://www.linkedin.com/jobs/view/banquet-captain-at-driftwood-hospitality-management-3797127123', 49),
('https://www.linkedin.com/jobs/view/housekeeping-supervisor-at-davidson-hospitality-group-3805585512', 49),
('https://www.linkedin.com/jobs/view/banquet-captain-at-driftwood-hospitality-management-3797127123', 50),
('https://www.linkedin.com/jobs/view/national-sales-manager-at-unitrust-financial-group-3797065469', 50),
('https://www.linkedin.com/jobs/view/financial-advisor-at-cetera-investors-3799328346', 51),
('https://www.linkedin.com/jobs/view/hr-administrator-%2452k-%2457k-1%2B-yrs-hris-data-entry-exp-req-at-%23twiceasnice-recruiting-3788998293', 51),
('https://www.linkedin.com/jobs/view/lead-material-handler-at-veolia-north-america-3781647615', 52),
('https://www.linkedin.com/jobs/view/licensed-marriage-and-family-therapist-at-gotham-enterprises-ltd-3791143010', 52),
('https://www.linkedin.com/jobs/view/licensed-behavioral-health-counselor-lcsw-lpc-lmft-tcp-gulfton-at-texas-children-s-hospital-3797369906', 53),
('https://www.linkedin.com/jobs/view/licensed-marriage-and-family-therapist-lmft-at-gotham-enterprises-ltd-3766223012', 53),
('https://www.linkedin.com/jobs/view/banquet-captain-at-driftwood-hospitality-management-3797127123', 54),
('https://www.linkedin.com/jobs/view/coffee-break-attendant-part-time-at-q-center-3735632685', 54),
('https://www.linkedin.com/jobs/view/fisheries-business-class-lead-%E2%80%93-fisheries-facilities-design-at-hdr-3690885764', 55),
('https://www.linkedin.com/jobs/view/licensed-marriage-and-family-therapist-lmft-at-gotham-enterprises-ltd-3766223012', 55),
('https://www.linkedin.com/jobs/view/hybrid-role-in-nc-etl-tester-exp-7%2B-at-tekintegral-3766331235', 56),
('https://www.linkedin.com/jobs/view/marketing-analyst-at-green-power-energy-3803242117', 56),
('https://www.linkedin.com/jobs/view/hybrid-role-in-nc-etl-tester-exp-7%2B-at-tekintegral-3766331235', 57),
('https://www.linkedin.com/jobs/view/lead-material-handler-at-veolia-north-america-3781647615', 57),
('https://www.linkedin.com/jobs/view/chs-football-head-coach-2024-25-season-at-trulyhired-3749908863', 58),
('https://www.linkedin.com/jobs/view/licensed-marriage-and-family-therapist-lmft-at-gotham-enterprises-ltd-3766223012', 58),
('https://www.linkedin.com/jobs/view/10639-store-manager-at-sally-beauty-3789752460', 59),
('https://www.linkedin.com/jobs/view/general-manager-at-extract-juicery-3799189684', 59),
('https://www.linkedin.com/jobs/view/licensed-behavioral-health-counselor-lcsw-lpc-lmft-tcp-gulfton-at-texas-children-s-hospital-3797369906', 60),
('https://www.linkedin.com/jobs/view/licensed-mental-health-counselor-at-gotham-enterprises-ltd-3766221374', 60),
('https://www.linkedin.com/jobs/view/licensed-marriage-and-family-therapist-lmft-at-gotham-enterprises-ltd-3766223012', 61),
('https://www.linkedin.com/jobs/view/licensed-mental-health-counselor-at-gotham-enterprises-ltd-3766221374', 61),
('https://www.linkedin.com/jobs/view/hr-administrator-%2452k-%2457k-1%2B-yrs-hris-data-entry-exp-req-at-%23twiceasnice-recruiting-3788998293', 62),
('https://www.linkedin.com/jobs/view/hr-administrator-%2452k-%2457k-1%2B-yrs-hris-data-entry-exp-req-at-%23twiceasnice-recruiting-3788998293', 62),
('https://www.linkedin.com/jobs/view/general-manager-at-extract-juicery-3799189684', 63),
('https://www.linkedin.com/jobs/view/marketing-analyst-at-green-power-energy-3803242117', 63),
('https://www.linkedin.com/jobs/view/marketing-analyst-at-green-power-energy-3803242117', 64),
('https://www.linkedin.com/jobs/view/marketing-analyst-at-green-power-energy-3803242117', 64),
('https://www.linkedin.com/jobs/view/marketing-analyst-at-green-power-energy-3803242117', 65),
('https://www.linkedin.com/jobs/view/marketing-analyst-at-green-power-energy-3803242117', 65),
('https://www.linkedin.com/jobs/view/hair-stylist-calumet-center-at-jobs-for-humanity-3792897432', 66),
('https://www.linkedin.com/jobs/view/licensed-behavioral-health-counselor-lcsw-lpc-lmft-tcp-gulfton-at-texas-children-s-hospital-3797369906', 66),
('https://www.linkedin.com/jobs/view/clinical-nurse-coordinator-rn-pedi-cvicu-at-methodist-healthcare-system-3763156790', 67),
('https://www.linkedin.com/jobs/view/clinical-nurse-coordinator-rn-pedi-cvicu-at-methodist-healthcare-system-3763156790', 67),
('https://au.linkedin.com/jobs/view/senior-structural-engineer-at-building-talent-recruitment-3801026449', 68),
('https://www.linkedin.com/jobs/view/clinical-nurse-coordinator-oncology-at-wesley-healthcare-3799539522', 68),
('https://www.linkedin.com/jobs/view/clinical-nurse-coordinator-rn-pedi-cvicu-at-methodist-healthcare-system-3763156790', 69),
('https://www.linkedin.com/jobs/view/national-sales-manager-at-unitrust-financial-group-3797071625', 69),
('https://www.linkedin.com/jobs/view/national-sales-manager-at-unitrust-financial-group-3797065469', 70),
('https://www.linkedin.com/jobs/view/national-sales-manager-at-unitrust-financial-group-3797081290', 70),
('https://www.linkedin.com/jobs/view/clinical-nurse-coordinator-rn-pedi-cvicu-at-methodist-healthcare-system-3763156790', 71),
('https://www.linkedin.com/jobs/view/hair-stylist-calumet-center-at-jobs-for-humanity-3792897432', 71),
('https://www.linkedin.com/jobs/view/national-sales-manager-at-unitrust-financial-group-3797065469', 72),
('https://www.linkedin.com/jobs/view/national-sales-manager-at-unitrust-financial-group-3797081290', 72),
('https://www.linkedin.com/jobs/view/clinical-nurse-coordinator-rn-pedi-cvicu-at-methodist-healthcare-system-3763156790', 73),
('https://www.linkedin.com/jobs/view/home-health-registered-nurse-at-bluebird-staffing-3798574756', 73),
('https://www.linkedin.com/jobs/view/national-sales-manager-at-unitrust-financial-group-3797065469', 74),
('https://www.linkedin.com/jobs/view/national-sales-manager-at-unitrust-financial-group-3797071625', 74),
('https://www.linkedin.com/jobs/view/national-sales-manager-at-unitrust-financial-group-3797065469', 75),
('https://www.linkedin.com/jobs/view/national-sales-manager-at-unitrust-financial-group-3797071625', 75),
('https://www.linkedin.com/jobs/view/national-sales-manager-at-unitrust-financial-group-3797065469', 76),
('https://www.linkedin.com/jobs/view/national-sales-manager-at-unitrust-financial-group-3797071625', 76),
('https://www.linkedin.com/jobs/view/clinical-nurse-coordinator-rn-pedi-cvicu-at-methodist-healthcare-system-3763156790', 77),
('https://www.linkedin.com/jobs/view/financial-advisor-at-cetera-investors-3799328346', 77),
('https://www.linkedin.com/jobs/view/marketing-analyst-at-green-power-energy-3803242117', 78),
('https://www.linkedin.com/jobs/view/marketing-analyst-at-green-power-energy-3803242117', 78),
('https://www.linkedin.com/jobs/view/co-manager-at-racetrac-3201379945', 79),
('https://www.linkedin.com/jobs/view/kitchen-manager-at-coen-markets-3765052070', 79),
('https://www.linkedin.com/jobs/view/national-sales-manager-at-unitrust-financial-group-3797065469', 80),
('https://www.linkedin.com/jobs/view/national-sales-manager-at-unitrust-financial-group-3797081290', 80),
('https://www.linkedin.com/jobs/view/hair-stylist-crown-point-beacon-hill-at-jobs-for-humanity-3792898359', 81),
('https://www.linkedin.com/jobs/view/hair-stylist-lawrenceburg-commons-at-jobs-for-humanity-3786311509', 81),
('https://uk.linkedin.com/jobs/view/senior-civil-engineer-at-ice-recruit-3792979553', 82),
('https://www.linkedin.com/jobs/view/national-sales-manager-at-unitrust-financial-group-3797071625', 82),
('https://www.linkedin.com/jobs/view/lead-sales-associate-pt-at-dollar-general-3683446939', 83),
('https://www.linkedin.com/jobs/view/lead-sales-associate-pt-at-dollar-general-3683446939', 83),
('https://www.linkedin.com/jobs/view/hair-stylist-lawrenceburg-commons-at-jobs-for-humanity-3786311509', 84),
('https://www.linkedin.com/jobs/view/leasing-professional-el-paso-texas-at-tam-residential-3782095107', 84),
('https://www.linkedin.com/jobs/view/hair-stylist-graves-mill-at-jobs-for-humanity-3790170079', 85),
('https://www.linkedin.com/jobs/view/licensed-marriage-and-family-therapist-at-gotham-enterprises-ltd-3791143010', 85),
('https://www.linkedin.com/jobs/view/lead-material-handler-at-veolia-north-america-3781647615', 86),
('https://www.linkedin.com/jobs/view/lead-material-handler-at-veolia-north-america-3781647615', 87),
('https://www.linkedin.com/jobs/view/lead-material-handler-at-veolia-north-america-3781647615', 88),
('https://www.linkedin.com/jobs/view/lead-sales-associate-pt-at-dollar-general-3683446939', 89),
('https://www.linkedin.com/jobs/view/lead-sales-associate-pt-at-dollar-general-3683446939', 90),
('https://www.linkedin.com/jobs/view/lead-material-handler-at-veolia-north-america-3781647615', 91),
('https://www.linkedin.com/jobs/view/lead-material-handler-at-veolia-north-america-3781647615', 92),
('https://www.linkedin.com/jobs/view/lead-sales-associate-pt-at-dollar-general-3683446939', 93),
('https://www.linkedin.com/jobs/view/lead-material-handler-at-veolia-north-america-3781647615', 94),
('https://www.linkedin.com/jobs/view/lead-material-handler-at-veolia-north-america-3781647615', 95),
('https://www.linkedin.com/jobs/view/lead-material-handler-at-veolia-north-america-3781647615', 96),
('https://www.linkedin.com/jobs/view/lead-sales-associate-pt-at-dollar-general-3683446939', 97),
('https://www.linkedin.com/jobs/view/lead-material-handler-at-veolia-north-america-3781647615', 98),
('https://www.linkedin.com/jobs/view/lead-sales-associate-pt-at-dollar-general-3683446939', 99),
('https://www.linkedin.com/jobs/view/lead-material-handler-at-veolia-north-america-3781647615', 100),
('https://www.linkedin.com/jobs/view/lead-material-handler-at-veolia-north-america-3781647615', 101),
('https://www.linkedin.com/jobs/view/lead-sales-associate-pt-at-dollar-general-3683446939', 102),
('https://www.linkedin.com/jobs/view/lead-material-handler-at-veolia-north-america-3781647615', 103),
('https://www.linkedin.com/jobs/view/lead-sales-associate-pt-at-dollar-general-3683446939', 104),
('https://www.linkedin.com/jobs/view/lead-sales-associate-pt-at-dollar-general-3683446939', 105),
('https://www.linkedin.com/jobs/view/lead-material-handler-at-veolia-north-america-3781647615', 106),
('https://www.linkedin.com/jobs/view/lead-sales-associate-pt-at-dollar-general-3683446939', 107),
('https://www.linkedin.com/jobs/view/kitchen-manager-at-coen-markets-3765052070', 108),
('https://www.linkedin.com/jobs/view/lead-sales-associate-pt-at-dollar-general-3683446939', 109),
('https://www.linkedin.com/jobs/view/lead-sales-associate-pt-at-dollar-general-3683446939', 110),
('https://www.linkedin.com/jobs/view/lead-sales-associate-pt-at-dollar-general-3683446939', 111),
('https://www.linkedin.com/jobs/view/lead-sales-associate-pt-at-dollar-general-3683446939', 112),
('https://www.linkedin.com/jobs/view/lead-sales-associate-pt-at-dollar-general-3683446939', 113),
('https://www.linkedin.com/jobs/view/lead-sales-associate-pt-at-dollar-general-3683446939', 114),
('https://www.linkedin.com/jobs/view/lead-sales-associate-pt-at-dollar-general-3683446939', 115),
('https://www.linkedin.com/jobs/view/lead-sales-associate-pt-at-dollar-general-3683446939', 116),
('https://www.linkedin.com/jobs/view/lead-sales-associate-pt-at-dollar-general-3683446939', 117),
('https://www.linkedin.com/jobs/view/lead-sales-associate-pt-at-dollar-general-3683446939', 118),
('https://www.linkedin.com/jobs/view/lead-sales-associate-pt-at-dollar-general-3683446939', 119),
('https://www.linkedin.com/jobs/view/lead-sales-associate-pt-at-dollar-general-3683446939', 120),
('https://www.linkedin.com/jobs/view/kitchen-manager-at-coen-markets-3765052070', 121),
('https://www.linkedin.com/jobs/view/lead-sales-associate-pt-at-dollar-general-3683446939', 122),
('https://www.linkedin.com/jobs/view/lead-sales-associate-pt-at-dollar-general-3683446939', 123),
('https://www.linkedin.com/jobs/view/lead-sales-associate-pt-at-dollar-general-3683446939', 124),
('https://www.linkedin.com/jobs/view/lead-sales-associate-pt-at-dollar-general-3683446939', 125),
('https://www.linkedin.com/jobs/view/lead-sales-associate-pt-at-dollar-general-3683446939', 126),
('https://www.linkedin.com/jobs/view/lead-sales-associate-pt-at-dollar-general-3683446939', 127),
('https://www.linkedin.com/jobs/view/lead-sales-associate-pt-at-dollar-general-3683446939', 128),
('https://www.linkedin.com/jobs/view/lead-sales-associate-pt-at-dollar-general-3683446939', 129),
('https://www.linkedin.com/jobs/view/lead-sales-associate-pt-at-dollar-general-3683446939', 130),
('https://www.linkedin.com/jobs/view/lead-sales-associate-pt-at-dollar-general-3683446939', 131),
('https://www.linkedin.com/jobs/view/lead-material-handler-at-veolia-north-america-3781647615', 132),
('https://www.linkedin.com/jobs/view/lead-sales-associate-pt-at-dollar-general-3683446939', 133),
('https://www.linkedin.com/jobs/view/lead-sales-associate-pt-at-dollar-general-3683446939', 134),
('https://www.linkedin.com/jobs/view/lead-sales-associate-pt-at-dollar-general-3683446939', 135),
('https://www.linkedin.com/jobs/view/lead-sales-associate-pt-at-dollar-general-3683446939', 136),
('https://www.linkedin.com/jobs/view/lead-sales-associate-pt-at-dollar-general-3683446939', 137),
('https://www.linkedin.com/jobs/view/lead-material-handler-at-veolia-north-america-3781647615', 138),
('https://www.linkedin.com/jobs/view/lead-material-handler-at-veolia-north-america-3781647615', 139),
('https://www.linkedin.com/jobs/view/lead-sales-associate-pt-at-dollar-general-3683446939', 140),
('https://www.linkedin.com/jobs/view/lead-sales-associate-pt-at-dollar-general-3683446939', 141),
('https://www.linkedin.com/jobs/view/lead-sales-associate-pt-at-dollar-general-3683446939', 142),
('https://www.linkedin.com/jobs/view/lead-material-handler-at-veolia-north-america-3781647615', 143),
('https://www.linkedin.com/jobs/view/lead-sales-associate-pt-at-dollar-general-3683446939', 144),
('https://www.linkedin.com/jobs/view/lead-material-handler-at-veolia-north-america-3781647615', 145),
('https://www.linkedin.com/jobs/view/lead-sales-associate-pt-at-dollar-general-3683446939', 146),
('https://au.linkedin.com/jobs/view/senior-structural-engineer-at-building-talent-recruitment-3801026449', 147),
('https://www.linkedin.com/jobs/view/internal-medicine-physician-crown-point-indiana-at-uchicago-medicine-3724656578', 148),
('https://www.linkedin.com/jobs/view/kitchen-manager-at-coen-markets-3765052070', 149),
('https://www.linkedin.com/jobs/view/hr-administrator-%2452k-%2457k-1%2B-yrs-hris-data-entry-exp-req-at-%23twiceasnice-recruiting-3788998293', 150),
('https://www.linkedin.com/jobs/view/hr-administrator-%2452k-%2457k-1%2B-yrs-hris-data-entry-exp-req-at-%23twiceasnice-recruiting-3788998293', 151),
('https://www.linkedin.com/jobs/view/hr-administrator-%2452k-%2457k-1%2B-yrs-hris-data-entry-exp-req-at-%23twiceasnice-recruiting-3788998293', 152),
('https://www.linkedin.com/jobs/view/hr-administrator-%2452k-%2457k-1%2B-yrs-hris-data-entry-exp-req-at-%23twiceasnice-recruiting-3788998293', 153),
('https://www.linkedin.com/jobs/view/hr-administrator-%2452k-%2457k-1%2B-yrs-hris-data-entry-exp-req-at-%23twiceasnice-recruiting-3788998293', 154),
('https://www.linkedin.com/jobs/view/hr-administrator-%2452k-%2457k-1%2B-yrs-hris-data-entry-exp-req-at-%23twiceasnice-recruiting-3788998293', 155),
('https://www.linkedin.com/jobs/view/hr-administrator-%2452k-%2457k-1%2B-yrs-hris-data-entry-exp-req-at-%23twiceasnice-recruiting-3788998293', 156),
('https://www.linkedin.com/jobs/view/hr-administrator-%2452k-%2457k-1%2B-yrs-hris-data-entry-exp-req-at-%23twiceasnice-recruiting-3788998293', 157),
('https://www.linkedin.com/jobs/view/hr-administrator-%2452k-%2457k-1%2B-yrs-hris-data-entry-exp-req-at-%23twiceasnice-recruiting-3788998293', 158),
('https://www.linkedin.com/jobs/view/hr-administrator-%2452k-%2457k-1%2B-yrs-hris-data-entry-exp-req-at-%23twiceasnice-recruiting-3788998293', 159),
('https://www.linkedin.com/jobs/view/hr-administrator-%2452k-%2457k-1%2B-yrs-hris-data-entry-exp-req-at-%23twiceasnice-recruiting-3788998293', 160),
('https://www.linkedin.com/jobs/view/hr-administrator-%2452k-%2457k-1%2B-yrs-hris-data-entry-exp-req-at-%23twiceasnice-recruiting-3788998293', 161),
('https://www.linkedin.com/jobs/view/hr-administrator-%2452k-%2457k-1%2B-yrs-hris-data-entry-exp-req-at-%23twiceasnice-recruiting-3788998293', 162),
('https://www.linkedin.com/jobs/view/hr-administrator-%2452k-%2457k-1%2B-yrs-hris-data-entry-exp-req-at-%23twiceasnice-recruiting-3788998293', 163),
('https://www.linkedin.com/jobs/view/hr-administrator-%2452k-%2457k-1%2B-yrs-hris-data-entry-exp-req-at-%23twiceasnice-recruiting-3788998293', 164),
('https://www.linkedin.com/jobs/view/hr-administrator-%2452k-%2457k-1%2B-yrs-hris-data-entry-exp-req-at-%23twiceasnice-recruiting-3788998293', 165),
('https://www.linkedin.com/jobs/view/hr-administrator-%2452k-%2457k-1%2B-yrs-hris-data-entry-exp-req-at-%23twiceasnice-recruiting-3788998293', 166),
('https://www.linkedin.com/jobs/view/hr-administrator-%2452k-%2457k-1%2B-yrs-hris-data-entry-exp-req-at-%23twiceasnice-recruiting-3788998293', 167),
('https://www.linkedin.com/jobs/view/hr-administrator-%2452k-%2457k-1%2B-yrs-hris-data-entry-exp-req-at-%23twiceasnice-recruiting-3788998293', 168),
('https://www.linkedin.com/jobs/view/hr-administrator-%2452k-%2457k-1%2B-yrs-hris-data-entry-exp-req-at-%23twiceasnice-recruiting-3788998293', 169),
('https://www.linkedin.com/jobs/view/hr-administrator-%2452k-%2457k-1%2B-yrs-hris-data-entry-exp-req-at-%23twiceasnice-recruiting-3788998293', 170),
('https://www.linkedin.com/jobs/view/kitchen-manager-at-coen-markets-3765052070', 171),
('https://www.linkedin.com/jobs/view/hr-administrator-%2452k-%2457k-1%2B-yrs-hris-data-entry-exp-req-at-%23twiceasnice-recruiting-3788998293', 172),
('https://www.linkedin.com/jobs/view/hospital-medicine-physician-at-practicelink-3757514001', 173),
('https://www.linkedin.com/jobs/view/hospital-medicine-physician-at-practicelink-3757514001', 174),
('https://www.linkedin.com/jobs/view/housekeeping-supervisor-at-davidson-hospitality-group-3805585512', 175),
('https://www.linkedin.com/jobs/view/housekeeping-supervisor-at-davidson-hospitality-group-3805585512', 176),
('https://www.linkedin.com/jobs/view/housekeeping-supervisor-at-davidson-hospitality-group-3805585512', 177),
('https://www.linkedin.com/jobs/view/housekeeping-supervisor-at-davidson-hospitality-group-3805585512', 178),
('https://www.linkedin.com/jobs/view/housekeeping-supervisor-at-davidson-hospitality-group-3805585512', 179),
('https://www.linkedin.com/jobs/view/housekeeping-supervisor-at-davidson-hospitality-group-3805585512', 180),
('https://www.linkedin.com/jobs/view/housekeeping-supervisor-at-davidson-hospitality-group-3805585512', 181),
('https://www.linkedin.com/jobs/view/housekeeping-supervisor-at-davidson-hospitality-group-3805585512', 182),
('https://www.linkedin.com/jobs/view/housekeeping-supervisor-at-davidson-hospitality-group-3805585512', 183),
('https://www.linkedin.com/jobs/view/housekeeping-supervisor-at-davidson-hospitality-group-3805585512', 183),
('https://www.linkedin.com/jobs/view/housekeeping-supervisor-at-davidson-hospitality-group-3805585512', 184),
('https://www.linkedin.com/jobs/view/housekeeping-supervisor-at-davidson-hospitality-group-3805585512', 185),
('https://www.linkedin.com/jobs/view/housekeeping-supervisor-at-davidson-hospitality-group-3805585512', 186),
('https://www.linkedin.com/jobs/view/housekeeping-supervisor-at-davidson-hospitality-group-3805585512', 187),
('https://www.linkedin.com/jobs/view/housekeeping-supervisor-at-davidson-hospitality-group-3805585512', 188),
('https://www.linkedin.com/jobs/view/hr-administrator-%2452k-%2457k-1%2B-yrs-hris-data-entry-exp-req-at-%23twiceasnice-recruiting-3788998293', 189),
('https://www.linkedin.com/jobs/view/hr-administrator-%2452k-%2457k-1%2B-yrs-hris-data-entry-exp-req-at-%23twiceasnice-recruiting-3788998293', 190),
('https://www.linkedin.com/jobs/view/hr-administrator-%2452k-%2457k-1%2B-yrs-hris-data-entry-exp-req-at-%23twiceasnice-recruiting-3788998293', 191),
('https://www.linkedin.com/jobs/view/hr-administrator-%2452k-%2457k-1%2B-yrs-hris-data-entry-exp-req-at-%23twiceasnice-recruiting-3788998293', 192),
('https://www.linkedin.com/jobs/view/infectious-disease-opportunity-with-new-academic-facility-in-el-paso-texas%21-at-practicelink-3797101619', 193),
('https://www.linkedin.com/jobs/view/infectious-disease-opportunity-with-new-academic-facility-in-el-paso-texas%21-at-practicelink-3797101619', 194),
('https://www.linkedin.com/jobs/view/infectious-disease-opportunity-with-new-academic-facility-in-el-paso-texas%21-at-practicelink-3797101619', 195),
('https://www.linkedin.com/jobs/view/internal-medicine-physician-crown-point-indiana-at-uchicago-medicine-3724656578', 196),
('https://www.linkedin.com/jobs/view/lead-sales-associate-pt-at-dollar-general-3683446939', 197),
('https://www.linkedin.com/jobs/view/internal-medicine-physician-crown-point-indiana-at-uchicago-medicine-3724656578', 198),
('https://www.linkedin.com/jobs/view/internal-medicine-physician-crown-point-indiana-at-uchicago-medicine-3724656578', 199),
('https://www.linkedin.com/jobs/view/internal-medicine-physician-crown-point-indiana-at-uchicago-medicine-3724656578', 200);





